{
  "hash": "76577e39",
  "configHash": "5c573c60",
  "lockfileHash": "43fc4e6d",
  "browserHash": "3445e3b8",
  "optimized": {
    "@angular/core": {
      "src": "../../../../../../node_modules/@angular/core/fesm2022/core.mjs",
      "file": "@angular_core.js",
      "fileHash": "2739390e",
      "needsInterop": false
    },
    "@angular/platform-browser": {
      "src": "../../../../../../node_modules/@angular/platform-browser/fesm2022/platform-browser.mjs",
      "file": "@angular_platform-browser.js",
      "fileHash": "98ebf585",
      "needsInterop": false
    },
    "@angular/router": {
      "src": "../../../../../../node_modules/@angular/router/fesm2022/router.mjs",
      "file": "@angular_router.js",
      "fileHash": "89cacf66",
      "needsInterop": false
    },
    "@angular/common": {
      "src": "../../../../../../node_modules/@angular/common/fesm2022/common.mjs",
      "file": "@angular_common.js",
      "fileHash": "b354546e",
      "needsInterop": false
    }
  },
  "chunks": {
    "chunk-5FNRCPGU": {
      "file": "chunk-5FNRCPGU.js"
    },
    "chunk-B6E23BSR": {
      "file": "chunk-B6E23BSR.js"
    },
    "chunk-YIVJ2BNJ": {
      "file": "chunk-YIVJ2BNJ.js"
    }
  }
}